[main 6f82cfb] 🧹 Reorganize Project Structure - Minimal System Skeleton
 165 files changed, 2024 insertions(+), 6767 deletions(-)
 create mode 100644 PROJECT_REORGANIZATION_REPORT.md
 rename ACCEPTANCE_CHECKLIST.md => controlplane/governance/docs/ACCEPTANCE_CHECKLIST.md (100%)
 rename AGENTS.md => controlplane/governance/docs/AGENTS.md (100%)
 rename ARCHITECTURE.md => controlplane/governance/docs/ARCHITECTURE.md (100%)
 rename CHANGELOG.md => controlplane/governance/docs/CHANGELOG.md (100%)
 rename DIRECTORY.md => controlplane/governance/docs/DIRECTORY.md (100%)
 rename IMPLEMENTATION_GUIDE.md => controlplane/governance/docs/IMPLEMENTATION_GUIDE.md (100%)
 rename IMPLEMENTATION_ROADMAP.md => controlplane/governance/docs/IMPLEMENTATION_ROADMAP.md (100%)
 rename MULTI_AGENT_MPC_ARCHITECTURE_DESIGN.md => controlplane/governance/docs/MULTI_AGENT_MPC_ARCHITECTURE_DESIGN.md (100%)
 rename MULTI_AGENT_V1_SPECIFICATION_PACKAGE.md => controlplane/governance/docs/MULTI_AGENT_V1_SPECIFICATION_PACKAGE.md (100%)
 rename PHASE1_COMPREHENSIVE_AUDIT.md => controlplane/governance/docs/PHASE1_COMPREHENSIVE_AUDIT.md (100%)
 rename PHASE2_DETAILED_ROADMAP.md => controlplane/governance/docs/PHASE2_DETAILED_ROADMAP.md (100%)
 rename PROJECT_MEMORY.md => controlplane/governance/docs/PROJECT_MEMORY.md (100%)
 rename RISK_ASSESSMENT.md => controlplane/governance/docs/RISK_ASSESSMENT.md (100%)
 rename ROOT_ARCHITECTURE.md => controlplane/governance/docs/ROOT_ARCHITECTURE.md (100%)
 rename ROOT_SPECS_GUIDE.md => controlplane/governance/docs/ROOT_SPECS_GUIDE.md (100%)
 rename auto-fix-bot.yml => controlplane/governance/policies/auto-fix-bot.yml (100%)
 rename gates.map.yaml => controlplane/governance/policies/gates.map.yaml (100%)
 rename governance-config.yaml => controlplane/governance/policies/governance-config.yaml (100%)
 rename AAPS_INTEGRATION_SUMMARY.md => controlplane/governance/reports/AAPS_INTEGRATION_SUMMARY.md (100%)
 rename AAPS_PHASE1_COMPLETION_SUMMARY.md => controlplane/governance/reports/AAPS_PHASE1_COMPLETION_SUMMARY.md (100%)
 rename AAPS_UNIFIED_GATES_OPTIMIZATION.md => controlplane/governance/reports/AAPS_UNIFIED_GATES_OPTIMIZATION.md (100%)
 rename AUTOMATED_MEMORY_SYSTEM_COMPLETE.md => controlplane/governance/reports/AUTOMATED_MEMORY_SYSTEM_COMPLETE.md (100%)
 rename CI_FIX_SUMMARY.md => controlplane/governance/reports/CI_FIX_SUMMARY.md (100%)
 rename CI_ISSUES_FIX_REPORT.md => controlplane/governance/reports/CI_ISSUES_FIX_REPORT.md (100%)
 rename CONTROLPLANE_IMPLEMENTATION_REPORT.md => controlplane/governance/reports/CONTROLPLANE_IMPLEMENTATION_REPORT.md (100%)
 rename FALSE_SUCCESS_METRICS_FIXED_REPORT.md => controlplane/governance/reports/FALSE_SUCCESS_METRICS_FIXED_REPORT.md (100%)
 rename FINAL_MACHINE_NATIVE_OPS_COMPLETION_REPORT.md => controlplane/governance/reports/FINAL_MACHINE_NATIVE_OPS_COMPLETION_REPORT.md (100%)
 rename LOCAL_FIXES_SUMMARY.md => controlplane/governance/reports/LOCAL_FIXES_SUMMARY.md (100%)
 rename PLATFORM_CLOSURE_SUCCESS_REPORT.md => controlplane/governance/reports/PLATFORM_CLOSURE_SUCCESS_REPORT.md (100%)
 rename PR_666_IMPLEMENTATION_SUMMARY.md => controlplane/governance/reports/PR_666_IMPLEMENTATION_SUMMARY.md (100%)
 rename ROOT_SPECS_IMPLEMENTATION_REPORT.md => controlplane/governance/reports/ROOT_SPECS_IMPLEMENTATION_REPORT.md (100%)
 create mode 100644 controlplane/governance/reports/STEP2_COMPLETION_SUMMARY.md
 rename SUPERAGENT_NAMESPACE_CONVERSION_SUMMARY.md => controlplane/governance/reports/SUPERAGENT_NAMESPACE_CONVERSION_SUMMARY.md (100%)
 rename VERIFICATION_REPORT.md => controlplane/governance/reports/VERIFICATION_REPORT.md (100%)
 rename conversion-report-new.md => controlplane/governance/reports/conversion-report-new.md (100%)
 rename memory-update-summary.md => controlplane/governance/reports/memory-update-summary.md (100%)
 rename restructure_log.md => controlplane/governance/reports/restructure_log.md (100%)
 rename validation-report-final.md => controlplane/governance/reports/validation-report-final.md (100%)
 rename validation-report-new.md => controlplane/governance/reports/validation-report-new.md (100%)
 create mode 100644 outputs/workspace_output_1766466152_8367.txt
 create mode 100644 outputs/workspace_output_1766466182_2616.txt
 create mode 100644 outputs/workspace_output_1766466187_6815.txt
 create mode 100644 outputs/workspace_output_1766466296_5650.txt
 create mode 100644 outputs/workspace_output_1766466367_2223.txt
 create mode 100644 outputs/workspace_output_1766466373_6065.txt
 create mode 100644 outputs/workspace_output_1766466559_3025.txt
 create mode 100644 outputs/workspace_output_1766466564_1791.txt
 create mode 100644 outputs/workspace_output_1766466569_4880.txt
 create mode 100644 outputs/workspace_output_1766466575_3915.txt
 create mode 100644 outputs/workspace_output_1766466588_5671.txt
 create mode 100644 outputs/workspace_output_1766466595_1973.txt
 create mode 100644 outputs/workspace_output_1766466601_4469.txt
 create mode 100644 outputs/workspace_output_1766466607_188.txt
 create mode 100644 outputs/workspace_output_1766466627_4111.txt
 create mode 100644 outputs/workspace_output_1766466648_1544.txt
 create mode 100644 outputs/workspace_output_1766466652_3537.txt
 create mode 100644 outputs/workspace_output_1766466657_2191.txt
 create mode 100644 outputs/workspace_output_1766466661_6412.txt
 create mode 100644 outputs/workspace_output_1766466725_5699.txt
 create mode 100644 outputs/workspace_output_1766466832_5040.txt
 create mode 100644 outputs/workspace_output_1766466837_4645.txt
 create mode 100644 outputs/workspace_output_1766466848_7004.txt
 create mode 100644 outputs/workspace_output_1766466853_8685.txt
 create mode 100644 outputs/workspace_output_1766466861_7026.txt
 create mode 100644 outputs/workspace_output_1766466872_8092.txt
 create mode 100644 outputs/workspace_output_1766466877_8466.txt
 create mode 100644 outputs/workspace_output_1766466881_2386.txt
 create mode 100644 outputs/workspace_output_1766466887_2490.txt
 create mode 100644 outputs/workspace_output_1766466895_1137.txt
 create mode 100644 outputs/workspace_output_1766467257_2481.txt
 create mode 100644 outputs/workspace_output_1766467268_8463.txt
 create mode 100644 outputs/workspace_output_1766467273_9720.txt
 create mode 100644 outputs/workspace_output_1766467279_7577.txt
 create mode 100644 outputs/workspace_output_1766467285_6674.txt
 create mode 100644 outputs/workspace_output_1766467292_5319.txt
 create mode 100644 outputs/workspace_output_1766467323_7541.txt
 create mode 100644 outputs/workspace_output_1766467346_691.txt
 create mode 100644 outputs/workspace_output_1766467352_7422.txt
 create mode 100644 outputs/workspace_output_1766467358_6482.txt
 create mode 100644 outputs/workspace_output_1766467363_5317.txt
 create mode 100644 outputs/workspace_output_1766467370_5807.txt
 create mode 100644 outputs/workspace_output_1766467376_5628.txt
 create mode 100644 outputs/workspace_output_1766467380_8672.txt
 create mode 100644 outputs/workspace_output_1766467386_2104.txt
 create mode 100644 outputs/workspace_output_1766467392_4508.txt
 create mode 100644 outputs/workspace_output_1766467398_1624.txt
 create mode 100644 outputs/workspace_output_1766467403_9336.txt
 create mode 100644 outputs/workspace_output_1766467409_388.txt
 create mode 100644 outputs/workspace_output_1766467414_5142.txt
 create mode 100644 outputs/workspace_output_1766467464_1862.txt
 create mode 100644 outputs/workspace_output_1766467471_1522.txt
 create mode 100644 outputs/workspace_output_1766467476_793.txt
 create mode 100644 outputs/workspace_output_1766467533_4490.txt
 delete mode 100644 root.config.yaml
 delete mode 100644 root.devices.map
 delete mode 100644 root.governance.yaml
 delete mode 100644 root.integrity.yaml
 delete mode 100644 root.kernel.map
 delete mode 100644 root.modules.yaml
 delete mode 100644 root.naming-policy.yaml
 delete mode 100644 root.provenance.yaml
 delete mode 100644 root.registry.modules.yaml
 delete mode 100644 root.registry.urns.yaml
 delete mode 100644 root.specs.context.yaml
 delete mode 100644 root.specs.logic.yaml
 delete mode 100644 root.specs.mapping.yaml
 delete mode 100644 root.specs.naming.yaml
 delete mode 100644 root.specs.references.yaml
 delete mode 100644 root.super-execution.yaml
 delete mode 100644 root.trust.yaml
 rename governance-execution-report.json => workspace/artifacts/governance-execution-report.json (100%)
 rename root.bootstrap.yaml.backup => workspace/artifacts/root.bootstrap.yaml.backup (100%)
 rename root.config.yaml.backup => workspace/artifacts/root.config.yaml.backup (100%)
 rename root.governance.yaml.backup2 => workspace/artifacts/root.governance.yaml.backup2 (100%)
 rename root.integrity.yaml.backup => workspace/artifacts/root.integrity.yaml.backup (100%)
 rename root.provenance.yaml.backup => workspace/artifacts/root.provenance.yaml.backup (100%)
 rename root.super-execution.yaml.backup => workspace/artifacts/root.super-execution.yaml.backup (100%)
 rename root.trust.yaml.backup => workspace/artifacts/root.trust.yaml.backup (100%)
 rename test-results.json => workspace/artifacts/test-results.json (100%)
 rename validation_report.json => workspace/artifacts/validation_report.json (100%)
 rename Dockerfile => workspace/config/Dockerfile (100%)
 rename MANIFEST.in => workspace/config/MANIFEST.in (100%)
 rename Makefile => workspace/config/Makefile (100%)
 rename docker-compose.prod.yml => workspace/config/docker-compose.prod.yml (100%)
 rename go.work => workspace/config/go.work (100%)
 rename machinenativeops.yaml => workspace/config/machinenativeops.yaml (100%)
 rename mno-namespace.yaml => workspace/config/mno-namespace.yaml (100%)
 rename package-lock.json => workspace/config/package-lock.json (100%)
 rename package.json => workspace/config/package.json (100%)
 rename pom.xml => workspace/config/pom.xml (100%)
 rename pyproject.toml => workspace/config/pyproject.toml (100%)
 rename requirements-debug.txt => workspace/config/requirements-debug.txt (100%)
 rename requirements-prod.txt => workspace/config/requirements-prod.txt (100%)
 rename requirements-workflow.txt => workspace/config/requirements-workflow.txt (100%)
 rename root.bootstrap.minimal.yaml => workspace/config/root.bootstrap.minimal.yaml (100%)
 rename root.validator.schema.yaml => workspace/config/root.validator.schema.yaml (100%)
 rename uv.lock => workspace/config/uv.lock (100%)
 rename wrangler.toml => workspace/config/wrangler.toml (100%)
 create mode 100644 workspace/docs/Screenshot_20251223_131939.jpg
 create mode 100644 workspace/docs/Screenshot_20251223_131947.jpg
 create mode 100644 workspace/docs/file-reorganization-plan.md
 rename replit.md => workspace/docs/replit.md (100%)
 rename AAPS_MARKETPLACE_INTEGRATION_PLAN.md => workspace/projects/AAPS_MARKETPLACE_INTEGRATION_PLAN.md (100%)
 rename CONVERSATION_LOG.md => workspace/projects/CONVERSATION_LOG.md (100%)
 rename Cargo.toml => workspace/projects/Cargo.toml (100%)
 rename IMMEDIATE_TASKS.md => workspace/projects/IMMEDIATE_TASKS.md (100%)
 rename INTEGRATION_TODO.md => workspace/projects/INTEGRATION_TODO.md (100%)
 rename axiom-namespace-migration-plan.md => workspace/projects/axiom-namespace-migration-plan.md (100%)
 rename chat_app.py => workspace/projects/chat_app.py (100%)
 rename code_assistant.py => workspace/projects/code_assistant.py (100%)
 rename governance-closed-loop-system.md => workspace/projects/governance-closed-loop-system.md (100%)
 rename governance-system-implementation.py => workspace/projects/governance-system-implementation.py (100%)
 rename guardrails_client.py => workspace/projects/guardrails_client.py (100%)
 rename namespace-converter.py => workspace/projects/namespace-converter.py (100%)
 rename namespace-validator.py => workspace/projects/namespace-validator.py (100%)
 rename restructure_project.py => workspace/projects/restructure_project.py (100%)
 rename setup.py => workspace/projects/setup.py (100%)
 rename supply-chain-complete-verifier.py => workspace/projects/supply-chain-complete-verifier.py (100%)
 rename verify_refactoring.py => workspace/projects/verify_refactoring.py (100%)
